{"cameraMode":{"drawMode":0,"name":"Shaded","section":"Shading Mode"},"sceneLighting":true,"audioPlay":false,"sceneViewState":{"m_AlwaysRefresh":false,"showFog":true,"showSkybox":true,"showFlares":true,"showImageEffects":true,"showParticleSystems":true,"showVisualEffectGraphs":true,"m_FxEnabled":true},"in2DMode":false,"pivot":{"x":0.08947809785604477,"y":4.884166240692139,"z":-0.2893901467323303},"rotation":{"x":-0.33996087312698367,"y":0.27908459305763247,"z":-0.10640748590230942,"w":-0.891792356967926},"size":0.6256111860275269,"orthographic":false}